mut	mutclass	InputCount	Rep1Count	Rep2Count	Rep1Freq	Rep2Freq	Rep1Enrich	Rep2Enrich	denovo
D329N-N336H	2	249	32	31	0.0004436855479516517	0.00048445944923016367	0.10874555306075802	0.11873907316851619	no
R249K-M307V-N336H-L370S	4	133	26	16	0.00036301544832407866	0.00025736908240352446	0.16599558642245968	0.1176868145909967	no
R249K-D286G-D329N-N336H-N356D	5	102	37	25	0.0005109106309746293	0.000393623302499508	0.3039372621586353	0.2341638275471345	no
D286G-I302V-K334S-N336H-L370S	5	95	55	60	0.0007529209298573484	0.0009235008250949994	0.48056746933415795	0.5894436412174062	no
R249K-I302V-K334S-N336H-N356D-L370S	6	75	263	195	0.0035494843836132136	0.0029673141265347523	2.8617250805462637	2.392357970911716	no
I302V-D329N-N336H-N356D-L370S	5	94	96	106	0.0013041666106457643	0.0016199112833633598	0.8411737357969322	1.0448257260716476	no
R249K-M307V-D329N-K334S-N336H-N356D	6	111	163	163	0.002204982723153663	0.0024828546773045888	1.206322423022478	1.3583431919389408	no
R249K-D286G-D329N-K334S-N336H	5	162	28	26	0.0003899054815332697	0.0004087626602879506	0.1465709722421446	0.15365965181891955	no
D286G-M307V-D329N-N336H	4	151	13	12	0.0001882302324643371	0.000196811651249754	0.07587907410539335	0.07933840209656201	no
D286G-M307V-K334S-N336H-N356D-L370S	6	106	518	422	0.006977963617785068	0.0064039483445112256	3.995960212300582	3.6672479519773913	no
D329N-K334S-N336H-L370S	4	280	69	60	0.0009411511623216855	0.0009235008250949994	0.2052245420644091	0.2013757635475836	no
R249K-D286G-I302V-K334S-N336H-L370S	6	60	32	32	0.0004436855479516517	0.0004995988070186063	0.44567849615064764	0.5018429065780013	no
D286G-K334S-N336H-N356D	4	97	736	559	0.009908977237586889	0.008478040361527864	6.1955374617948875	5.30085148073733	no
D329N-K334S-N336H	3	237	46	42	0.0006319157804159888	0.0006509923849030324	0.1626891072655853	0.16760045122919498	no
R249K-D286G-N336H	3	127	16	14	0.0002285652822781236	0.0002270903668266392	0.10941491489304488	0.10870886825730851	no
N336H-N356D-L370S	3	173	969	674	0.013041666106457642	0.010219066507198764	4.592615224178653	3.5986383974833167	no
D286G-I302V-M307V-N336H	4	31	11	5	0.00016134019925514607	9.083614673065568e-05	0.30893623028624434	0.17393418921169362	no
R249K-D286G-I302V-D329N-K334S-N336H-N356D	7	45	134	127	0.0018150772416203934	0.0019378377969206547	2.4177618022401735	2.5812841993155695	no
R249K-D329N-N336H-N356D-L370S	5	144	94	87	0.001277276577436573	0.00133226348538295	0.5397506552127488	0.5629869848507233	no
R249K-M307V-D329N-K334S-N336H-L370S	6	222	35	19	0.00048402059776543827	0.0003027871557688523	0.13299496909183617	0.08319722054968903	no
D286G-D329N-K334S-N336H-N356D	5	113	296	298	0.003993169931564866	0.0045266679787443415	2.146293810409698	2.433044330961235	no
R249K-M307V-N336H-N356D	4	78	115	84	0.0015596219261330788	0.0012868454120176223	1.2096743531883325	0.9981033642527568	no
D286G-I302V-K334S-N336H	4	70	27	18	0.0003764604649286742	0.00028764779798040965	0.32489068349351524	0.24824410103452987	no
R249K-N336H-N356D-L370S	4	115	642	492	0.00864514567675491	0.007463703389702209	4.566574622392072	3.9425082887983893	no
R249K-I302V-D329N-N336H-L370S	5	96	8	9	0.00012100514944135957	0.00015139357788442615	0.07643783017391614	0.0956339184669106	no
R249K-D286G-I302V-M307V-D329N-K334S-N336H	7	57	6	11	9.411511623216855e-05	0.00018167229346131137	0.09942775227603268	0.1919273811991102	no
R249K-D286G-I302V-N336H-N356D-L370S	6	46	184	130	0.0024873280718501686	0.0019832558702859823	3.2427348994584517	2.5855748977851762	no
R249K-D286G-N336H-N356D-L370S	5	97	288	256	0.0038856097987281014	0.003890814951629752	2.4294577021149557	2.4327121974098103	no
D286G-D329N-N336H-L370S	4	213	54	24	0.0007394759132527529	0.00037848394471106533	0.21173199583480926	0.10837021134684961	no
R249K-I302V-K334S-N336H-L370S	5	103	140	220	0.0018957473412479664	0.003345798071245818	1.1169232941118066	1.9712541443991947	no
D286G-M307V-N336H-L370S	4	167	21	13	0.00029579036530110115	0.0002119510090381966	0.10788249311583137	0.07730408409408605	no
I302V-D329N-N336H-L370S	4	140	28	23	0.0003899054815332697	0.00036334458692262274	0.16944020195368487	0.1578977036815375	no
D286G-I302V-M307V-N336H-L370S	5	64	9	3	0.00013445016604595508	6.055743115377046e-05	0.12674306883538233	0.05708609286947894	no
K334S-N336H	2	184	131	119	0.0017747421918066068	0.0018167229346131137	0.5878138003284218	0.6017182761918051	no
R249K-D286G-I302V-D329N-N336H-N356D-L370S	7	48	23	43	0.00032268039851029214	0.000666131742691475	0.40350854567999267	0.8329909469730089	no
R249K-D286G-M307V-D329N-K334S-N336H-N356D	7	84	114	103	0.0015461769095284834	0.001574493209998032	1.114593458287627	1.1350058464637578	no
M307V-N336H-N356D-L370S	4	134	201	246	0.0027158933541282923	0.0037394213737453256	1.2326936991174593	1.6972541129990453	no
D286G-M307V-N336H-N356D-L370S	5	112	174	104	0.0023528779058042135	0.0015896325677864744	1.2758428389402423	0.8619747429960039	no
I302V-M307V-K334S-N336H	4	84	7	12	0.00010756013283676406	0.000196811651249754	0.07753693622870449	0.14187573080796972	no
R249K-D286G-I302V-M307V-D329N-K334S-N336H-L370S	8	77	4	9	6.722508302297754e-05	0.00015139357788442615	0.052809612014742636	0.11892936014474778	no
R249K-I302V-M307V-D329N-N336H-N356D	6	60	10	13	0.00014789518265055057	0.0002119510090381966	0.14855949871688257	0.2129030512755157	no
R249K-D286G-N336H-N356D	4	77	162	142	0.0021915377065490674	0.002164928163747294	1.7215933516806097	1.7006898500698933	no
N336H-L370S	2	216	65	32	0.0008873710959033034	0.0004995988070186063	0.2505657904625761	0.14107104747123542	no
D286G-I302V-M307V-D329N-K334S-N336H-N356D	7	52	96	121	0.0013041666106457643	0.0018470016501899989	1.5077642434095955	2.135343002146075	no
R249K-N336H-N356D	3	115	346	317	0.004665420761794641	0.004814315776724751	2.4643878599845244	2.5430378008882104	no
R249K-M307V-D329N-N336H-N356D-L370S	6	129	34	37	0.00047057558116084274	0.0005752955959608193	0.22180037046191906	0.2711589411300249	no
D286G-M307V-N336H-N356D	4	81	53	32	0.0007260308966481573	0.0004995988070186063	0.542522160502673	0.37332216221046444	no
D329N-N336H-L370S	3	295	66	47	0.000900816112507899	0.0007266891738452455	0.18647502188448986	0.15042956904795124	no
R249K-I302V-M307V-N336H-N356D	5	32	86	59	0.0011697164445998091	0.0009083614673065568	2.171915315951779	1.6866345620527867	no
R249K-I302V-M307V-D329N-N336H-N356D-L370S	7	72	13	18	0.0001882302324643371	0.00028764779798040965	0.15799478443862727	0.2414428927870085	no
R249K-D286G-I302V-N336H-N356D	5	42	135	43	0.0018285222582249889	0.000666131742691475	2.605601694197162	0.9492222418994752	no
R249K-D286G-I302V-M307V-N336H	5	41	6	5	9.411511623216855e-05	9.083614673065568e-05	0.13730499123833084	0.13252128701843324	no
R249K-D286G-I302V-M307V-N336H-L370S	6	57	6	3	9.411511623216855e-05	6.055743115377046e-05	0.09942775227603268	0.06397579373303675	no
M307V-K334S-N336H-N356D-L370S	5	119	581	859	0.007824999663874585	0.013019847698060649	3.995575245035428	6.6481512320914025	no
D286G-M307V-D329N-K334S-N336H-N356D	6	104	120	154	0.0016268470091560564	0.002346600457208605	0.9493659394193162	1.3693866325238102	no
D286G-D329N-N336H	3	207	28	35	0.0003899054815332697	0.0005450168803839341	0.11486090613206523	0.1605546361954095	no
R249K-M307V-K334S-N336H	4	101	20	17	0.0002823453486965056	0.00027250844019196705	0.16961204800029103	0.16370276631688813	no
R249K-I302V-M307V-D329N-K334S-N336H-L370S	7	110	9	14	0.00013445016604595508	0.0002270903668266392	0.07421891418288155	0.12535797420662606	no
R249K-K334S-N336H	3	131	95	107	0.0012907215940411686	0.0016350506411518023	0.5991490526763527	0.758985552923754	no
I302V-N336H-L370S	3	105	9	23	0.00013445016604595508	0.00036334458692262274	0.07771980636131935	0.2100337379160074	no
R249K-D286G-I302V-M307V-K334S-N336H-N356D	7	28	159	83	0.0021512026567352812	0.0012717060542291796	4.54526867547578	2.686983336787543	no
R249K-D286G-M307V-K334S-N336H-N356D-L370S	7	78	284	231	0.0038318297323097195	0.0035123310069186866	2.972044747057541	2.7242350647839952	no
R249K-D286G-M307V-N336H-N356D-L370S	6	78	119	96	0.0016134019925514607	0.0014685177054789336	1.2513872619189645	1.1390120745002048	no
R249K-N336H	2	166	19	26	0.00026890033209191015	0.0004087626602879506	0.09866226915329164	0.14997918111666997	no
R249K-D286G-I302V-M307V-D329N-K334S-N336H-N356D	8	41	102	47	0.0013848367102733373	0.0007266891738452455	2.0203448710782967	1.060170296147466	no
R249K-D286G-I302V-M307V-D329N-K334S-N336H-N356D-L370S	9	62	105	69	0.0014251717600871237	0.001059755045190983	1.3861265782155305	1.030721121254481	no
R249K-D286G-I302V-M307V-K334S-N336H-L370S	7	46	16	1	0.0002285652822781236	3.027871557688523e-05	0.29798104481510096	0.03947442592038437	no
R249K-D329N-N336H-N356D	4	143	86	53	0.0011697164445998091	0.0008175253205759012	0.4977305932389493	0.34786837842338725	no
M307V-K334S-N336H	3	150	20	24	0.0002823453486965056	0.00037848394471106533	0.11457237679489858	0.15358427303460806	no
N336H-N356D	2	126	556	468	0.007488874248759697	0.007100358802779586	3.61317543872836	3.4257274431615463	no
R249K-D286G-I302V-M307V-K334S-N336H	6	48	3	8	5.378006641838203e-05	0.00013625422009598353	0.06725142427999878	0.17038451188084275	no
D286G-N336H-N356D	3	87	168	217	0.0022722078061766407	0.00330037999788049	1.582127967223494	2.298039590796922	no
D286G-I302V-K334S-N336H-N356D-L370S	6	58	412	351	0.005552791857697944	0.0053290539415318	5.766809632009895	5.534448325651178	no
R249K-K334S-N336H-L370S	4	181	297	203	0.004006614948169461	0.0030884289888422935	1.3489083754622833	1.0397824058369378	no
D286G-D329N-N336H-N356D	4	118	37	47	0.0005109106309746293	0.0007266891738452455	0.26307174791881877	0.3741777515814586	no
R249K-I302V-N336H-N356D-L370S	5	54	240	192	0.003240249001707517	0.0029218960531694244	3.6098730423750256	3.255204704761878	no
R249K-I302V-M307V-D329N-K334S-N336H	6	69	7	8	0.00010756013283676406	0.00013625422009598353	0.09415199399199829	0.11926915831658991	no
I302V-M307V-N336H	3	80	5	10	8.067009962757304e-05	0.00016653293567286874	0.06102444055036926	0.12597702593110321	no
D286G-I302V-N336H	3	67	10	19	0.00014789518265055057	0.0003027871557688523	0.1332666091430858	0.2728379438614802	no
D286G-M307V-D329N-N336H-N356D-L370S	6	117	46	45	0.0006319157804159888	0.0006964104582683603	0.32813565702719744	0.3616258849147077	no
R249K-I302V-D329N-N336H	4	81	6	13	9.411511623216855e-05	0.0002119510090381966	0.07032694673182799	0.15837909911959094	no
I302V-M307V-D329N-K334S-N336H-N356D	6	59	169	190	0.002285652822781236	0.0028916173375925394	2.3341848510516243	2.953016012394088	no
R249K-M307V-K334S-N336H-N356D-L370S	6	118	476	285	0.006413272920392057	0.004329856327494588	3.3022427304546462	2.2294757698395244	no
I302V-D329N-K334S-N336H-N356D	5	83	264	424	0.0035629294002178092	0.006434227060088111	2.5989873341541196	4.693462248569511	no
D286G-I302V-M307V-D329N-N336H	5	71	8	14	0.00012100514944135957	0.0002270903668266392	0.10297874342874813	0.19326021023521514	no
M307V-D329N-N336H-N356D-L370S	5	199	63	37	0.0008604810626941125	0.0005752955959608193	0.2636255831775952	0.1762533117345162	no
D286G-I302V-K334S-N336H-N356D	5	50	209	234	0.0028234534869650565	0.0035577490802840145	3.3922409600058208	4.2744611204965235	no
M307V-D329N-N336H	3	195	25	25	0.0003495704317194832	0.000393623302499508	0.10928356445499803	0.12305548080283088	no
R249K-M307V-D329N-N336H	4	150	23	19	0.00032268039851029214	0.0003027871557688523	0.1309398591941698	0.12286741842768648	no
I302V-N336H-N356D	3	59	227	306	0.0030654637858477753	0.004647782841051882	3.1305538002339435	4.746470763376885	no
I302V-M307V-D329N-N336H-N356D-L370S	6	103	21	25	0.00029579036530110115	0.000393623302499508	0.17427171964865068	0.2319122522822582	no
D286G-I302V-M307V-D329N-K334S-N336H-N356D-L370S	8	60	118	147	0.0015999569759468652	0.002240624952689507	1.607143667937184	2.250689399198309	no
R249K-D286G-I302V-N336H-L370S	5	65	7	3	0.00010756013283676406	6.055743115377046e-05	0.0998581754460588	0.056221152068426226	no
D286G-N336H-L370S	3	162	52	22	0.0007125858800435618	0.00034820522913418014	0.2678710872011608	0.13089525895685739	no
D286G-I302V-M307V-K334S-N336H-L370S	6	80	14	19	0.0002016752490689326	0.0003027871557688523	0.15256110137592316	0.2290491380565513	no
R249K-D286G-I302V-D329N-K334S-N336H-N356D-L370S	8	48	195	152	0.0026352232545007194	0.00231632174163172	3.29531978971994	2.896536701974327	no
R249K-D286G-D329N-K334S-N336H-N356D	6	109	341	222	0.004598195678771663	0.003376076786822703	2.5613622001914083	1.8805975366888572	no
M307V-N336H	2	156	11	36	0.00016134019925514607	0.0005601562381723767	0.06296789407108165	0.2186179193488803	no
D286G-M307V-K334S-N336H-L370S	5	124	24	29	0.00033612541511488767	0.0004541807336532784	0.164765989485997	0.22263576219096784	no
R249K-D286G-M307V-N336H-N356D	5	62	63	35	0.0008604810626941125	0.0005450168803839341	0.836906613262207	0.530085148073733	no
D286G-I302V-D329N-K334S-N336H-N356D	6	67	160	221	0.0021646476733398765	0.0033609374290342604	1.9505385520033467	3.0285011768624304	no
D286G-I302V-M307V-K334S-N336H	5	64	11	12	0.00016134019925514607	0.000196811651249754	0.15209168260245878	0.18552980182580656	no
D286G-D329N-K334S-N336H-L370S	5	207	49	44	0.0006722508302297753	0.0006812711004799177	0.19803604505528488	0.2006932952442619	no
R249K-D329N-K334S-N336H-N356D	5	134	585	604	0.007878779730292967	0.00915931146200778	3.5760322162516394	4.157241855726406	no
M307V-D329N-K334S-N336H-L370S	5	223	43	58	0.0005915807306022023	0.0008932221095181142	0.16182373967374708	0.2443361229402363	no
I302V-D329N-N336H	3	136	23	9	0.00032268039851029214	0.00015139357788442615	0.14432057473226015	0.06771160650576881	no
N336H	1	261	54	38	0.0007394759132527529	0.000590434953749262	0.17294140117805032	0.13808515784745146	no
R249K-D286G-I302V-K334S-N336H-N356D	6	35	273	78	0.0036839345496591687	0.0011960092652869665	6.270261266550441	2.0356742144775994	no
D286G-I302V-D329N-N336H-L370S	5	112	19	22	0.00026890033209191015	0.00034820522913418014	0.14581061016459915	0.188813515132458	no
I302V-K334S-N336H-N356D	4	57	264	425	0.0035629294002178092	0.0064493664178765535	3.76405062187838	6.813422032568413	no
I302V-M307V-K334S-N336H-N356D	5	66	214	155	0.002890678569988034	0.002361739814997048	2.643633413394728	2.159899185434763	no
R249K-M307V-D329N-N336H-N356D	5	132	28	9	0.0003899054815332697	0.00015139357788442615	0.17963209380052306	0.0697480457991754	no
I302V-M307V-D329N-K334S-N336H	5	91	20	21	0.0002823453486965056	0.0003330658713457375	0.1880481401742357	0.2218291108786817	no
R249K-I302V-K334S-N336H	4	81	52	76	0.0007125858800435618	0.0011657305497100813	0.5324754538266976	0.8710850451577502	no
D286G-D329N-N336H-N356D-L370S	5	143	77	75	0.0010487112951584495	0.0011505911919216386	0.4462412215245752	0.4895925325958783	no
R249K-I302V-M307V-K334S-N336H-L370S	6	72	16	14	0.0002285652822781236	0.0002270903668266392	0.19185080967547596	0.19061281009500672	no
I302V-N336H	2	69	11	24	0.00016134019925514607	0.00037848394471106533	0.14122799098799743	0.33130321754608305	no
D286G-M307V-D329N-K334S-N336H	5	161	12	24	0.0001747852158597416	0.00037848394471106533	0.06610981059623337	0.14315571128534454	no
M307V-D329N-K334S-N336H-N356D	5	152	278	206	0.0037511596326821463	0.0031338470622076214	1.5022781394311493	1.2550545417628092	no
R249K-D286G-I302V-D329N-N336H	5	61	11	14	0.00016134019925514607	0.0002270903668266392	0.15945095756709385	0.22443121188605628	no
M307V-D329N-N336H-N356D	4	141	52	30	0.0007125858800435618	0.000469320091441721	0.30748582544921976	0.2025149245281691	no
R249K-D286G-M307V-D329N-N336H	5	123	19	18	0.00026890033209191015	0.00028764779798040965	0.13287579797257823	0.14213976752783564	no
R249K-D286G-M307V-D329N-K334S-N336H-N356D-L370S	8	107	151	176	0.002043642523898517	0.002679666328554343	1.159464370457016	1.5203136538503592	no
D286G-I302V-M307V-D329N-K334S-N336H-L370S	7	106	17	10	0.00024201029888271913	0.00016653293567286874	0.13858821545551153	0.09536578598522766	no
I302V-M307V-K334S-N336H-L370S	5	101	18	24	0.00025545531548731463	0.00037848394471106533	0.15345851961931095	0.22736495321790015	no
D329N-K334S-N336H-N356D	4	171	921	580	0.012396305309437057	0.00879596687508516	4.416111694944455	3.1335120599067907	no
R249K-M307V-K334S-N336H-N356D	5	92	290	296	0.003912499831937292	0.0044963892631674565	2.5777904806680176	2.9624919968959436	no
I302V-D329N-N336H-N356D	4	87	67	66	0.0009142611291124944	0.0010143369718256551	0.6365958684686248	0.7062782228596044	no
R249K-I302V-D329N-K334S-N336H-N356D-L370S	7	93	230	275	0.003105798835661562	0.004178462749610161	2.0245182750673036	2.723735388506521	no
R249K-D286G-I302V-D329N-N336H-L370S	6	86	14	8	0.0002016752490689326	0.00013625422009598353	0.1420396461086181	0.09596369059955512	no
R249K-D329N-N336H	3	213	28	29	0.0003899054815332697	0.0004541807336532784	0.11164050689471762	0.13004425361621955	no
D286G-M307V-D329N-K334S-N336H-L370S	6	177	25	24	0.0003495704317194832	0.00037848394471106533	0.12033471142235738	0.13028778218104392	no
R249K-D286G-I302V-M307V-N336H-N356D	6	27	42	41	0.0005781357139976068	0.0006358530271145898	1.2651674192674771	1.391473513693549	no
R249K-I302V-M307V-D329N-K334S-N336H-N356D-L370S	8	76	165	159	0.002231872756362854	0.0024222972461508184	1.7760489775763315	1.9275823566317565	no
R249K-D286G-K334S-N336H-L370S	5	151	41	57	0.0005646906973930112	0.0008780827517296716	0.22763722231618005	0.35397133243081513	no
D329N-N336H-N356D	3	165	140	77	0.0018957473412479664	0.001180869907498524	0.6997591722146259	0.4358832693497865	no
I302V-M307V-D329N-K334S-N336H-L370S	6	106	27	17	0.0003764604649286742	0.00027250844019196705	0.21558166848635124	0.15605310433946346	no
R249K-D286G-M307V-K334S-N336H-N356D	6	56	359	223	0.004840205977654382	0.0033912161446111454	5.203136510084116	3.6454978604369	no
M307V-N336H-L370S	3	213	12	20	0.0001747852158597416	0.0003179265135572949	0.050045744470045825	0.09103097753135368	no
D286G-K334S-N336H	3	136	37	58	0.0005109106309746293	0.0008932221095181142	0.2285075766594119	0.39949847838403596	no
D286G-I302V-M307V-D329N-N336H-L370S	6	95	5	8	8.067009962757304e-05	0.00013625422009598353	0.051489371714374066	0.08696709460584681	no
R249K-I302V-N336H	3	64	3	6	5.378006641838203e-05	0.0001059755045190983	0.05069722753415293	0.09990066252158813	no
R249K-I302V-M307V-D329N-N336H	5	84	4	4	6.722508302297754e-05	7.569678894221307e-05	0.048460585142940306	0.05456758877229605	no
R249K-M307V-D329N-K334S-N336H	5	155	22	18	0.00030923538190569667	0.00028764779798040965	0.12146210763390805	0.11298289213751038	no
R249K-I302V-M307V-N336H-L370S	5	91	4	8	6.722508302297754e-05	0.00013625422009598353	0.044773366708151366	0.09074827263218799	no
R249K-I302V-M307V-N336H	4	81	6	13	9.411511623216855e-05	0.0002119510090381966	0.07032694673182799	0.15837909911959094	no
R249K-D286G-N336H-L370S	4	134	6	20	9.411511623216855e-05	0.0003179265135572949	0.04271710838525849	0.1443009569756273	no
R249K-D286G-M307V-N336H-L370S	5	128	22	10	0.00030923538190569667	0.00016653293567286874	0.14688440923170276	0.07910185349162294	no
R249K-D286G-K334S-N336H	4	92	20	34	0.0002823453486965056	0.0005298775225954915	0.18602611716160952	0.34911521848942095	no
R249K-I302V-D329N-K334S-N336H	5	91	13	17	0.0001882302324643371	0.00027250844019196705	0.1253654267828238	0.18149654526437597	no
R249K-D286G-I302V-M307V-D329N-N336H-N356D-L370S	8	30	13	13	0.0001882302324643371	0.0002119510090381966	0.37205223432321904	0.41893826218730507	no
I302V-M307V-D329N-N336H-N356D	5	67	17	21	0.00024201029888271913	0.0003330658713457375	0.21807263314323133	0.30012173824762817	no
D286G-M307V-D329N-N336H-L370S	5	163	20	29	0.0002823453486965056	0.0004541807336532784	0.10549042009774198	0.16969189191384745	no
R249K-D286G-I302V-N336H	4	57	14	8	0.0002016752490689326	0.00013625422009598353	0.21305946916292717	0.14394553589933268	no
R249K-D286G-M307V-D329N-N336H-N356D	6	112	23	15	0.00032268039851029214	0.00024222972461508183	0.17497273219751897	0.13134853226605775	no
R249K-D286G-D329N-N336H-L370S	5	184	26	34	0.00036301544832407866	0.0005298775225954915	0.12023464097626808	0.17550116388927647	no
R249K-I302V-D329N-K334S-N336H-L370S	6	117	33	32	0.0004571305645562472	0.0004995988070186063	0.23737473061541942	0.259427265264899	no
R249K-M307V-D329N-K334S-N336H-N356D-L370S	7	174	294	227	0.003966279898355674	0.003451773575764916	1.3887419113819748	1.2085941376081113	no
I302V-K334S-N336H-L370S	4	124	255	241	0.00344192425077645	0.0036637245848031128	1.6872037323366094	1.7959284816738075	no
M307V-K334S-N336H-N356D	4	82	396	525	0.005337671592024416	0.007963302196720815	3.940487820839808	5.878835889179172	no
R249K-D286G-D329N-K334S-N336H-L370S	6	173	24	28	0.00033612541511488767	0.0004390413758648358	0.11836637175718177	0.15460816818817213	no
R249K-D286G-M307V-D329N-N336H-L370S	6	142	21	8	0.00029579036530110115	0.00013625422009598353	0.12674306883538233	0.05838350407105801	no
D286G-I302V-D329N-K334S-N336H-N356D-L370S	7	72	182	161	0.0024604380386409777	0.0024525759617277034	2.065217539447771	2.0586183490260725	no
D286G-I302V-M307V-D329N-K334S-N336H	6	72	6	19	9.411511623216855e-05	0.0003027871557688523	0.07899739221931364	0.254150413460009	no
R249K-D329N-K334S-N336H-N356D-L370S	6	154	487	430	0.0065611681030426075	0.006525063206818766	2.5937355764247276	2.579462728610407	no
R249K-D286G-I302V-M307V-K334S-N336H-N356D-L370S	8	33	152	67	0.0020570875405031127	0.0010294763296140978	3.7072347634349327	1.8552980182580654	no
R249K-M307V-K334S-N336H-L370S	5	123	31	28	0.0004302405313470562	0.0004390413758648358	0.21260127675612517	0.2169501714898544	no
R249K-K334S-N336H-N356D	4	119	758	474	0.01020476760288799	0.007191194949510242	5.2107244174946565	3.6719439944690886	no
I302V-M307V-N336H-N356D	4	51	71	51	0.0009680411955308765	0.000787246604999016	1.140687619518441	0.9276490091290328	no
R249K-D329N-N336H-L370S	4	259	42	23	0.0005781357139976068	0.00036334458692262274	0.136248798998036	0.08562913930421841	no
D286G-I302V-M307V-D329N-N336H-N356D-L370S	7	51	26	16	0.00036301544832407866	0.00025736908240352446	0.4277578573194153	0.30326986836910685	no
K334S-N336H-N356D-L370S	4	166	1062	1032	0.014292052650685023	0.01563895659546122	5.24389960549745	5.738092373834077	no
R249K-M307V-D329N-N336H-L370S	5	199	24	31	0.00033612541511488767	0.00048445944923016367	0.10297874342874813	0.14842384146064524	no
I302V-D329N-K334S-N336H	4	119	24	13	0.00033612541511488767	0.0002119510090381966	0.17163123904791358	0.10822571773172049	no
R249K-I302V-M307V-K334S-N336H-N356D-L370S	7	39	200	281	0.002702448337523697	0.004269298896340817	4.139745485835675	6.53992551435968	no
R249K-D286G-K334S-N336H-N356D-L370S	6	87	466	312	0.006278822754346102	0.004738618987782538	4.371915743747762	3.299478862015764	no
D286G-I302V-M307V-K334S-N336H-N356D-L370S	7	40	327	277	0.004409965446307326	0.004208741465187047	6.59063957943988	6.289912793606613	no
R249K-D286G-M307V-D329N-N336H-N356D-L370S	7	105	21	22	0.00029579036530110115	0.00034820522913418014	0.17098357399490255	0.2012823321695071	no
R249K-I302V-N336H-N356D	4	49	222	169	0.002998238702824798	0.0025736908240352446	3.674281565537733	3.1540066310387114	no
D286G-I302V-M307V-D329N-N336H-N356D	6	59	15	10	0.0002151202656735281	0.00016653293567286874	0.21968798598132938	0.17006898500698933	no
R249K-M307V-N336H-N356D-L370S	5	101	186	207	0.0025142181050593596	0.003148986419996064	1.5103549036216393	1.8916764107729296	no
D286G-I302V-M307V-N336H-N356D-L370S	6	52	94	138	0.001277276577436573	0.0021043707325935235	1.4766763208650675	2.432890797527086	no
D286G-I302V-D329N-K334S-N336H-L370S	6	129	13	20	0.0001882302324643371	0.0003179265135572949	0.08872014818476763	0.1498509937823822	no
R249K-D286G-M307V-N336H	4	97	14	21	0.0002016752490689326	0.0003330658713457375	0.1260964205249977	0.20824773674325223	no
D286G-N336H-N356D-L370S	4	131	328	261	0.0044234104629119215	0.003966511740571965	2.0533337326095835	1.8412427302409586	no
R249K-D286G-D329N-K334S-N336H-N356D-L370S	7	131	384	357	0.00517633139276927	0.005419890088262456	2.4028373466707897	2.5158965550620733	no
R249K-K334S-N336H-N356D-L370S	5	131	761	672	0.010245102652701775	0.010188787791621879	4.755745605618549	4.729604417756356	no
D286G-M307V-K334S-N336H	4	108	12	20	0.0001747852158597416	0.0003179265135572949	0.09825494785862209	0.17872136873128155	no
D286G-M307V-D329N-K334S-N336H-N356D-L370S	7	130	279	275	0.003764604649286742	0.004178462749610161	1.760857902903785	1.9544360803023897	no
D329N-N336H-N356D-L370S	4	205	162	128	0.0021915377065490674	0.0019529771547090972	0.6518654438402309	0.5809064183380837	no
R249K-D286G-I302V-M307V-D329N-N336H-L370S	7	78	2	8	4.033504981378652e-05	0.00013625422009598353	0.03128468154797412	0.10568153268558601	no
R249K-I302V-D329N-N336H-N356D-L370S	6	86	53	50	0.0007260308966481573	0.0007721072472105734	0.5113427259910253	0.5437942467308123	no
D286G-N336H	2	113	23	23	0.00032268039851029214	0.00036334458692262274	0.17343788366947052	0.1952945282376911	no
R249K-D286G-I302V-K334S-N336H-N356D-L370S	7	53	258	134	0.0034822593005902364	0.0020438133014397527	3.9513325256364102	2.319122522822582	no
D286G-I302V-D329N-N336H	4	84	21	10	0.00029579036530110115	0.00016653293567286874	0.21322657462893732	0.1200486952990513	no
R249K-D286G-M307V-K334S-N336H	5	84	8	21	0.00012100514944135957	0.0003330658713457375	0.08722905325729255	0.2400973905981026	no
D286G-M307V-K334S-N336H-N356D	5	80	274	285	0.0036973795662637644	0.004329856327494588	2.796953525225258	3.2754026742086837	no
R249K-I302V-N336H-L370S	4	93	15	9	0.0002151202656735281	0.00015139357788442615	0.14022637403063576	0.09868606480096093	no
R249K-D329N-K334S-N336H	4	177	28	21	0.0003899054815332697	0.0003330658713457375	0.13421948581724477	0.11465324831931865	no
R249K-D286G-D329N-N336H-N356D-L370S	6	102	98	78	0.0013310566438549552	0.0011960092652869665	0.7918365514132867	0.7114977837009087	no
D286G-I302V-D329N-N336H-N356D-L370S	6	62	32	35	0.0004436855479516517	0.0005450168803839341	0.4315299724633255	0.530085148073733	no
M307V-N336H-N356D	3	105	103	84	0.0013982817268779328	0.0012868454120176223	0.8082859861577212	0.7438694884525263	no
I302V-K334S-N336H-N356D-L370S	5	75	450	269	0.006063702488672574	0.0040876266028795055	4.888780345933201	3.295595164011037	no
D286G-I302V-N336H-N356D	4	41	119	126	0.0016134019925514607	0.001922698439132212	2.353799849799957	2.8050339085568368	no
D286G-I302V-M307V-N336H-N356D	5	31	64	45	0.0008739260792987079	0.0006964104582683603	1.673404580717157	1.3334954506229846	no
D286G-D329N-K334S-N336H-N356D-L370S	6	128	408	432	0.0054990117912795625	0.006555341922395652	2.61198797285941	3.1137365965338852	no
D286G-D329N-K334S-N336H	4	167	32	22	0.0004436855479516517	0.00034820522913418014	0.16182373967374705	0.12699956672599852	no
R249K-I302V-M307V-D329N-N336H-L370S	6	111	9	18	0.00013445016604595508	0.00028764779798040965	0.07355624530624867	0.15736902833438948	no
I302V-K334S-N336H	3	84	121	61	0.0016402920257606519	0.000938640182883442	1.1824382774877433	0.6766381007764709	no
R249K-D286G-M307V-K334S-N336H-L370S	6	101	32	32	0.0004436855479516517	0.0004995988070186063	0.2665332182861716	0.3001217382476283	no
R249K-I302V-D329N-N336H-N356D	5	66	59	69	0.0008067009962757304	0.001059755045190983	0.7377581618775986	0.9691855319258551	no
I302V-M307V-D329N-N336H-L370S	5	121	15	19	0.0002151202656735281	0.0003027871557688523	0.10804327179409641	0.1520736080539398	no
D286G-I302V-D329N-N336H-N356D	5	58	22	36	0.00030923538190569667	0.0005601562381723767	0.32115404730321456	0.581745988775834	no
R249K-D286G-I302V-D329N-N336H-N356D	6	39	31	42	0.0004302405313470562	0.0006509923849030324	0.6590639579439881	0.9972226848137101	no
R249K-I302V-M307V-K334S-N336H	5	66	9	21	0.00013445016604595508	0.0003330658713457375	0.12295969364626644	0.3046011671766973	no
D286G-K334S-N336H-L370S	4	143	61	77	0.0008335910294849214	0.001180869907498524	0.35470456069902134	0.5024765466115594	no
R249K-D286G-I302V-K334S-N336H	5	40	17	15	0.00024201029888271913	0.00024222972461508183	0.3616814403351154	0.36200936941620787	no
R249K-D286G-M307V-D329N-K334S-N336H	6	128	4	9	6.722508302297754e-05	0.00015139357788442615	0.03193139331123973	0.0719107759014754	no
I302V-M307V-K334S-N336H-N356D-L370S	6	75	242	234	0.003267139034916708	0.0035577490802840145	2.6340878582300835	2.868388383491088	no
D286G-I302V-M307V-K334S-N336H-N356D	6	40	189	172	0.002554553154873146	0.0026191088974005725	3.817748536870662	3.914226306812748	no
I302V-M307V-D329N-K334S-N336H-N356D-L370S	7	96	169	190	0.002285652822781236	0.0028916173375925394	1.4438256810628605	1.8266078427179924	no
R249K-D286G-D329N-N336H	4	127	19	20	0.00026890033209191015	0.0003179265135572949	0.12872342928593516	0.15219241556023191	no
R249K-D286G-I302V-M307V-N336H-N356D-L370S	7	34	102	50	0.0013848367102733373	0.0007721072472105734	2.424413845293956	1.351717127588019	no
I302V-M307V-N336H-L370S	4	98	10	8	0.00014789518265055057	0.00013625422009598353	0.0915366608255539	0.08433172810263934	no
R249K-I302V-M307V-K334S-N336H-N356D	6	53	198	155	0.0026755583043145056	0.002361739814997048	3.035965917380871	2.6798749152616503	no
M307V-D329N-K334S-N336H	4	239	41	37	0.0005646906973930112	0.0005752955959608193	0.1441702408002474	0.14687775977876352	no
K334S-N336H-L370S	3	229	411	393	0.005539346841093349	0.00596490696864639	1.475730166700669	1.5891030852036476	no
D286G-I302V-N336H-L370S	4	82	8	11	0.00012100514944135957	0.00018167229346131137	0.08933095815505863	0.13411792903070352	no
R249K-N336H-L370S	3	186	29	33	0.0004033504981378652	0.0005147381648070489	0.13216523220801898	0.16866345620527867	no
R249K-D286G-M307V-D329N-K334S-N336H-L370S	7	131	22	12	0.00030923538190569667	0.000196811651249754	0.14354612720370952	0.09135937211119262	no
R249K-M307V-N336H	3	142	15	22	0.0002151202656735281	0.00034820522913418014	0.09217677733482352	0.1492022881815927	no
R249K-D286G-I302V-D329N-K334S-N336H-L370S	7	67	14	13	0.0002016752490689326	0.0002119510090381966	0.1817271942860261	0.19098656070303613	no
I302V-D329N-K334S-N336H-L370S	5	147	53	48	0.0007260308966481573	0.0007418285316336881	0.3005866024406702	0.30712703680623377	no
R249K-D286G-K334S-N336H-N356D	5	79	495	424	0.006668728235879371	0.006434227060088111	5.1077456740659075	4.928135360997986	no
D329N-K334S-N336H-N356D-L370S	5	200	747	532	0.010056872420237438	0.008069277701239913	3.0657950282469093	2.459885183411813	no
M307V-D329N-N336H-L370S	4	233	40	37	0.0005512456807884158	0.0005752955959608193	0.14434627284029655	0.1506438561833472	no
D286G-M307V-D329N-N336H-N356D	5	85	29	14	0.0004033504981378652	0.0002270903668266392	0.2873825398011576	0.16179924577831967	no
R249K-D286G-I302V-D329N-K334S-N336H	6	94	9	5	0.00013445016604595508	9.083614673065568e-05	0.08671894183473527	0.058588358471307334	no
I302V-N336H-N356D-L370S	4	77	279	333	0.003764604649286742	0.005056545501339833	2.9573382728255875	3.972240628834576	no
K334S-N336H-N356D	3	141	854	1047	0.011495489196929158	0.01586604696228786	4.960384542624206	6.8463109969522975	no
R249K-D286G-I302V-M307V-D329N-N336H	6	54	2	6	4.033504981378652e-05	0.0001059755045190983	0.044936178950726456	0.11806441934369506	no
R249K-I302V-K334S-N336H-N356D	5	61	300	307	0.0040469499979832475	0.004662922198840325	3.9995615189746045	4.608320884060356	no
R249K-I302V-D329N-K334S-N336H-N356D	6	52	268	349	0.003616709466636191	0.005298775225954915	4.181325582238981	6.125984022550216	no
R249K-I302V-M307V-N336H-N356D-L370S	6	49	75	78	0.0010218212619492585	0.0011960092652869665	1.2522215200935773	1.4656854344238717	no
D286G-M307V-N336H	3	104	22	16	0.00030923538190569667	0.00025736908240352446	0.1804579884846634	0.15019079195422436	no
D286G-K334S-N336H-N356D-L370S	5	142	879	793	0.011831614612044046	0.012020650084023437	5.069722753415293	5.150722470268896	no
M307V-D329N-K334S-N336H-N356D-L370S	6	170	337	232	0.004544415612353281	0.003527470364707129	1.6283890188966959	1.2639895855383898	no
D286G-I302V-N336H-N356D-L370S	5	61	202	200	0.002729338370732888	0.0030430109154769656	2.697378698843338	3.0073782392731543	no
R249K-D329N-K334S-N336H-L370S	5	255	68	56	0.0009277061457170899	0.000862943393941229	0.22204791551823813	0.20654684968888617	no
R249K-D286G-I302V-M307V-D329N-N336H-N356D	7	29	20	8	0.0002823453486965056	0.00013625422009598353	0.5766809632009896	0.2782947027387099	no
I302V-D329N-K334S-N336H-N356D-L370S	6	120	291	308	0.003925944848541888	0.004678061556628768	1.988085492971534	2.368954907610505	no
M307V-K334S-N336H-L370S	4	189	45	59	0.0006184707638113933	0.0009083614673065568	0.19945356621989113	0.29294179235653667	no
D286G-I302V-D329N-K334S-N336H	5	86	14	8	0.0002016752490689326	0.00013625422009598353	0.1420396461086181	0.09596369059955512	no
R249K-I302V-M307V-D329N-K334S-N336H-N356D	7	66	86	116	0.0011697164445998091	0.0017713048612477858	1.069749334722518	1.619924389076072	no
I302V-M307V-N336H-N356D-L370S	5	61	142	113	0.0019226373744571574	0.001725886787882458	1.9001239110078685	1.7056772103340279	no
I302V-M307V-D329N-N336H	4	125	9	4	0.00013445016604595508	7.569678894221307e-05	0.06538332916110993	0.03681146861623146	no
